idOrder,DateOrder,Quantity,CardType,Customer_idCustomer,Employee_idEmployee,Product_idProduct
1,2024-10-20,3,Amex,635,405,7
2,2024-07-11,1,Amex,597,628,9
3,2024-08-22,4,MasterCard,203,329,246
4,2024-02-23,4,Amex,528,997,8
5,2024-10-08,4,Discover,347,89,380
6,2024-08-09,3,Amex,309,628,234
7,2024-09-24,5,MasterCard,521,242,434
8,2024-10-15,3,MasterCard,461,971,168
9,2024-05-18,2,Visa,516,680,43
10,2024-02-05,5,Discover,302,210,492
11,2024-07-15,4,Amex,191,275,258
12,2024-01-29,3,Amex,715,666,288
13,2024-10-10,5,MasterCard,176,693,251
14,2024-08-20,5,Discover,750,706,439
15,2024-10-24,5,Amex,512,37,87
16,2024-04-17,4,Visa,256,514,457
17,2024-09-05,5,Discover,133,756,6
18,2024-10-17,3,Discover,548,512,252
19,2024-01-06,2,MasterCard,114,348,132
20,2024-07-28,2,MasterCard,347,42,251
21,2024-03-02,5,Amex,407,230,396
22,2024-09-06,2,Visa,458,319,400
23,2024-03-26,4,Discover,576,30,409
24,2024-03-23,3,MasterCard,546,756,357
25,2024-05-27,4,Discover,312,82,387
26,2024-06-28,1,MasterCard,138,421,230
27,2024-03-29,5,MasterCard,614,672,282
28,2024-02-05,2,Visa,198,290,339
29,2024-04-22,4,Visa,693,724,346
30,2024-06-29,3,Amex,638,536,119
31,2024-04-28,3,Amex,427,48,285
32,2024-03-12,2,Discover,22,351,295
33,2024-11-26,2,MasterCard,424,247,448
34,2024-01-28,2,Discover,285,82,2
35,2024-08-06,3,Visa,496,58,328
36,2024-07-26,1,MasterCard,124,12,223
37,2024-05-29,2,Discover,294,31,377
38,2024-08-29,2,MasterCard,632,962,327
39,2024-11-15,1,Amex,304,540,214
40,2024-10-21,4,MasterCard,295,133,461
41,2024-03-12,2,Amex,718,64,493
42,2024-05-14,5,Discover,450,643,497
43,2024-05-14,5,MasterCard,115,176,318
44,2024-06-22,3,Amex,566,599,355
45,2024-04-12,4,Visa,670,34,281
46,2024-11-12,3,Discover,264,653,115
47,2024-03-20,5,Discover,228,805,32
48,2024-09-26,1,Visa,476,439,142
49,2024-05-26,4,Discover,321,902,146
50,2024-04-17,1,Visa,142,665,353
51,2024-11-18,5,Discover,387,654,461
52,2024-08-01,4,Amex,516,471,108
53,2024-10-16,4,MasterCard,555,717,45
54,2024-02-27,1,Discover,745,432,126
55,2024-03-07,5,Discover,88,315,324
56,2024-04-27,5,Amex,274,332,442
57,2024-03-16,1,MasterCard,738,663,357
58,2024-02-27,3,Visa,628,411,32
59,2024-11-22,1,Visa,396,308,300
60,2024-02-21,2,MasterCard,21,807,179
61,2024-10-02,3,Visa,320,25,349
62,2024-03-11,3,Discover,385,473,196
63,2024-03-28,2,MasterCard,282,843,202
64,2024-02-27,1,MasterCard,335,302,155
65,2024-03-19,4,Visa,469,466,17
66,2024-07-13,4,Visa,180,120,367
67,2024-03-19,3,Amex,147,557,56
68,2024-08-17,2,MasterCard,342,11,481
69,2024-09-15,3,Visa,204,788,359
70,2024-10-14,2,Discover,492,589,432
71,2024-09-22,5,Visa,730,380,465
72,2024-10-27,5,Amex,110,29,393
73,2024-02-19,1,MasterCard,210,28,207
74,2024-02-13,1,MasterCard,357,213,196
75,2024-11-24,3,Amex,179,505,461
76,2024-02-26,2,Discover,725,545,187
77,2024-09-02,5,Visa,260,255,427
78,2024-11-07,5,MasterCard,266,741,140
79,2024-08-24,5,Amex,728,994,252
80,2024-07-24,4,MasterCard,457,125,53
81,2024-01-20,5,Visa,579,402,50
82,2024-10-31,3,Amex,715,286,450
83,2024-06-14,3,Visa,539,184,200
84,2024-03-27,5,Discover,311,931,277
85,2024-11-26,4,Amex,134,732,69
86,2024-08-17,2,Visa,70,557,331
87,2024-02-18,3,Amex,665,988,67
88,2024-03-04,5,Discover,648,434,242
89,2024-11-19,4,Amex,127,837,39
90,2024-04-23,2,Amex,162,108,222
91,2024-02-01,5,MasterCard,510,250,327
92,2024-09-13,4,Visa,122,314,455
93,2024-06-06,5,Visa,511,664,472
94,2024-11-01,3,Discover,31,688,450
95,2024-11-08,2,MasterCard,223,843,369
96,2024-02-10,5,Amex,268,370,353
97,2024-11-20,5,Visa,615,550,150
98,2024-03-03,3,MasterCard,329,657,468
99,2024-05-20,3,Visa,85,454,429
100,2024-04-23,3,Visa,496,461,311
101,2024-06-08,2,Visa,589,922,318
102,2024-04-16,3,Visa,663,197,477
103,2024-11-18,3,MasterCard,125,15,118
104,2024-03-24,3,Discover,392,742,250
105,2024-08-29,3,MasterCard,224,848,281
106,2024-01-16,1,Discover,169,321,218
107,2024-04-18,2,MasterCard,686,832,202
108,2024-07-09,2,Visa,108,715,294
109,2024-07-07,1,Discover,188,347,205
110,2024-10-05,5,Visa,314,285,158
111,2024-10-22,4,Amex,469,510,300
112,2024-09-10,2,Discover,235,699,267
113,2024-03-25,2,MasterCard,749,961,202
114,2024-10-12,2,Amex,243,211,182
115,2024-10-23,4,Discover,411,542,253
116,2024-06-19,3,Discover,323,345,18
117,2024-01-26,2,Visa,100,179,221
118,2024-07-19,2,Visa,155,241,203
119,2024-10-30,3,Amex,51,53,273
120,2024-05-30,2,MasterCard,317,844,479
121,2024-03-14,5,Amex,139,460,492
122,2024-01-25,3,MasterCard,63,639,217
123,2024-12-06,4,Visa,365,527,160
124,2024-04-04,4,MasterCard,545,675,309
125,2024-03-21,5,MasterCard,610,729,292
126,2024-07-06,3,Discover,196,48,411
127,2024-02-18,4,Visa,650,574,39
128,2024-07-25,4,MasterCard,348,842,271
129,2024-04-17,3,Discover,205,338,461
130,2024-01-10,4,Discover,183,4,301
131,2024-06-20,3,Visa,239,56,69
132,2024-03-04,1,MasterCard,541,629,324
133,2024-11-02,2,MasterCard,479,297,268
134,2024-07-03,3,Amex,437,828,121
135,2024-04-06,3,Discover,191,928,370
136,2024-06-10,2,Amex,607,349,28
137,2024-10-14,4,Visa,291,738,164
138,2024-02-17,5,Discover,138,391,335
139,2024-04-20,4,Discover,180,123,239
140,2024-01-26,5,Visa,708,69,83
141,2024-06-09,4,MasterCard,735,179,77
142,2024-08-06,2,Visa,464,129,189
143,2024-08-03,1,Discover,642,792,211
144,2024-07-18,4,Discover,192,228,132
145,2024-01-07,5,Amex,674,778,427
146,2024-09-27,2,MasterCard,47,264,162
147,2024-03-17,3,Discover,705,392,466
148,2024-09-27,5,Amex,550,852,233
149,2024-10-30,1,Visa,94,264,225
150,2024-04-28,4,Amex,324,803,14
151,2024-07-24,1,Visa,494,386,114
152,2024-06-09,3,MasterCard,685,884,434
153,2024-08-17,1,Discover,571,544,63
154,2024-06-16,1,MasterCard,698,533,329
155,2024-04-17,3,MasterCard,216,785,332
156,2024-10-17,3,Discover,238,711,62
157,2024-01-08,2,MasterCard,106,721,117
158,2024-09-04,4,Discover,270,151,334
159,2024-05-24,3,Amex,137,479,431
160,2024-09-23,1,Visa,562,447,14
161,2024-11-14,5,Visa,702,812,212
162,2024-05-22,3,Visa,51,621,213
163,2024-12-05,4,Discover,306,843,52
164,2024-08-20,1,Amex,201,725,11
165,2024-09-06,5,Amex,482,539,464
166,2024-05-07,4,Amex,172,774,133
167,2024-04-20,3,Visa,354,557,354
168,2024-02-16,2,Amex,73,222,222
169,2024-06-24,2,Visa,504,707,491
170,2024-10-31,4,Amex,640,438,89
171,2024-09-17,4,MasterCard,708,885,22
172,2024-02-21,4,MasterCard,565,322,441
173,2024-08-19,5,Visa,279,585,220
174,2024-10-05,5,Amex,621,823,67
175,2024-05-10,1,Discover,280,475,104
176,2024-01-02,1,MasterCard,65,596,314
177,2024-11-01,4,Visa,327,880,105
178,2024-04-21,4,Amex,422,530,187
179,2024-04-05,1,Visa,627,675,212
180,2024-09-27,5,MasterCard,284,865,186
181,2024-06-20,3,Discover,169,941,139
182,2024-05-28,5,Discover,527,763,123
183,2024-03-24,3,Discover,372,22,114
184,2024-10-25,4,Visa,41,21,349
185,2024-10-17,4,Amex,441,53,105
186,2024-08-13,2,Discover,258,910,139
187,2024-03-20,1,Amex,75,591,359
188,2024-10-09,2,Visa,40,788,251
189,2024-01-04,2,Amex,510,586,225
190,2024-11-24,4,Amex,227,178,146
191,2024-12-06,1,Discover,576,323,428
192,2024-09-17,1,Visa,11,725,363
193,2024-10-13,4,MasterCard,336,696,4
194,2024-11-29,5,Discover,651,526,439
195,2024-09-21,4,Amex,410,574,487
196,2024-06-17,4,MasterCard,449,204,131
197,2024-10-19,3,Amex,564,55,16
198,2024-05-29,3,Visa,567,265,34
199,2024-02-28,4,Amex,332,676,214
200,2024-11-01,5,Amex,560,547,59
201,2024-02-04,5,MasterCard,506,98,407
202,2024-05-04,2,Discover,257,243,441
203,2024-04-24,5,Discover,485,386,431
204,2024-08-17,1,Amex,631,767,286
205,2024-01-16,4,MasterCard,66,555,26
206,2024-06-05,5,Discover,71,519,255
207,2024-11-12,1,Discover,694,183,67
208,2024-11-29,1,Discover,444,392,73
209,2024-06-27,5,MasterCard,655,985,81
210,2024-11-04,4,Discover,467,953,195
211,2024-06-01,1,Amex,218,436,143
212,2024-05-06,1,MasterCard,403,772,77
213,2024-04-04,4,MasterCard,4,191,483
214,2024-04-13,2,MasterCard,103,180,471
215,2024-08-27,1,Amex,213,273,438
216,2024-03-24,5,MasterCard,726,533,161
217,2024-09-24,3,Amex,497,90,300
218,2024-04-03,3,Amex,746,454,34
219,2024-01-23,4,Visa,291,290,250
220,2024-04-21,2,Visa,700,602,316
221,2024-07-14,1,MasterCard,731,606,467
222,2024-05-19,3,MasterCard,577,679,458
223,2024-07-26,2,Amex,404,722,255
224,2024-12-05,5,Amex,720,902,270
225,2024-05-05,1,Discover,190,433,357
226,2024-03-29,2,Discover,156,469,192
227,2024-03-12,4,Visa,341,790,429
228,2024-05-02,5,Amex,288,125,199
229,2024-02-23,4,Amex,455,225,467
230,2024-04-01,5,Discover,14,381,423
231,2024-01-22,4,MasterCard,89,251,243
232,2024-10-11,3,Visa,636,139,94
233,2024-04-15,4,MasterCard,163,724,99
234,2024-03-18,5,Visa,47,425,74
235,2024-02-25,2,MasterCard,97,5,69
236,2024-01-31,4,Visa,519,457,214
237,2024-08-07,5,MasterCard,198,281,146
238,2024-05-27,1,Discover,460,667,5
239,2024-01-26,3,Discover,582,553,104
240,2024-01-28,4,Discover,421,404,145
241,2024-05-05,1,Amex,503,107,73
242,2024-11-15,4,Discover,380,545,370
243,2024-03-12,3,Amex,63,777,318
244,2024-08-01,4,MasterCard,376,922,261
245,2024-04-04,4,Amex,487,664,295
246,2024-12-03,5,Visa,488,605,453
247,2024-09-05,5,MasterCard,18,675,10
248,2024-10-27,4,MasterCard,315,465,452
249,2024-03-09,5,Discover,265,953,49
250,2024-08-27,1,Discover,131,143,371
251,2024-07-11,4,Amex,601,723,213
252,2024-02-07,4,Amex,667,653,420
253,2024-12-04,2,Visa,690,112,301
254,2024-09-20,4,Discover,528,157,56
255,2024-09-09,4,Amex,507,631,187
256,2024-03-24,4,Discover,5,564,169
257,2024-03-08,3,Visa,675,306,185
258,2024-11-28,5,Discover,360,340,478
259,2024-05-10,5,Discover,438,35,445
260,2024-06-09,2,Visa,408,515,206
261,2024-06-30,3,Amex,358,816,362
262,2024-12-05,2,Discover,267,616,141
263,2024-08-22,3,MasterCard,402,198,97
264,2024-06-02,1,MasterCard,109,125,364
265,2024-08-23,4,MasterCard,165,137,60
266,2024-06-10,3,Visa,533,45,314
267,2024-05-05,3,Visa,304,140,430
268,2024-05-05,3,MasterCard,283,742,398
269,2024-04-18,5,Discover,692,872,451
270,2024-05-19,5,Amex,442,33,374
271,2024-03-08,1,Amex,536,373,267
272,2024-08-11,1,Visa,426,564,225
273,2024-02-10,2,Amex,617,535,258
274,2024-01-03,4,MasterCard,606,470,357
275,2024-02-03,3,MasterCard,155,908,77
276,2024-05-25,2,MasterCard,619,477,244
277,2024-06-22,4,Visa,116,125,431
278,2024-02-28,2,Visa,104,295,171
279,2024-11-16,4,MasterCard,189,432,89
280,2024-06-03,3,Visa,221,690,423
281,2024-10-05,1,Discover,631,187,348
282,2024-10-20,4,Visa,237,553,19
283,2024-02-04,3,Amex,316,511,494
284,2024-08-04,3,Discover,532,918,64
285,2024-08-03,1,MasterCard,234,264,7
286,2024-10-20,2,Visa,367,52,402
287,2024-08-31,5,Amex,614,763,77
288,2024-03-25,4,Visa,625,462,412
289,2024-06-09,4,MasterCard,409,287,128
290,2024-09-28,3,MasterCard,713,305,232
291,2024-03-06,4,Visa,339,62,412
292,2024-02-01,5,MasterCard,388,395,255
293,2024-06-14,2,MasterCard,363,915,309
294,2024-03-21,3,Amex,522,698,358
295,2024-09-03,4,Visa,185,899,401
296,2024-11-21,3,Discover,146,361,461
297,2024-07-20,5,Visa,96,434,182
298,2024-08-17,2,MasterCard,712,5,21
299,2024-09-26,4,MasterCard,259,235,88
300,2024-06-12,3,Discover,748,336,333
301,2024-03-10,5,Amex,361,965,70
302,2024-09-13,1,Discover,167,32,133
303,2024-03-14,2,Discover,193,779,449
304,2024-02-25,3,Amex,250,556,470
305,2024-06-24,2,Visa,527,961,37
306,2024-04-08,3,Amex,159,158,259
307,2024-03-08,2,Visa,604,753,437
308,2024-10-15,5,Visa,357,695,263
309,2024-11-06,4,MasterCard,87,467,82
310,2024-03-04,3,Discover,696,271,203
311,2024-08-02,1,Amex,6,623,262
312,2024-11-30,2,Visa,149,412,328
313,2024-05-22,1,MasterCard,624,123,86
314,2024-08-23,1,Amex,98,266,11
315,2024-10-24,1,Amex,322,561,249
316,2024-09-30,1,MasterCard,244,259,372
317,2024-10-25,1,Visa,591,525,149
318,2024-11-01,5,Discover,37,718,219
319,2024-05-09,4,Amex,447,41,245
320,2024-07-22,3,MasterCard,417,296,274
321,2024-08-12,2,MasterCard,268,34,99
322,2024-12-01,1,Amex,251,560,229
323,2024-11-30,1,Discover,230,830,176
324,2024-07-01,5,Amex,245,228,446
325,2024-03-06,3,MasterCard,83,33,394
326,2024-09-11,3,Visa,535,381,152
327,2024-07-09,4,Amex,12,830,37
328,2024-07-16,1,Visa,66,121,314
329,2024-02-14,1,Visa,287,528,481
330,2024-04-25,4,Amex,140,976,198
331,2024-07-24,2,Discover,608,327,54
332,2024-02-25,4,Amex,275,580,53
333,2024-10-30,1,Visa,563,584,143
334,2024-09-04,2,MasterCard,145,471,394
335,2024-05-17,4,Discover,439,578,148
336,2024-02-22,2,Visa,377,337,284
337,2024-02-23,5,Amex,211,930,120
338,2024-11-12,3,Visa,470,167,377
339,2024-05-31,1,Amex,166,307,90
340,2024-08-14,4,MasterCard,574,496,457
341,2024-07-18,1,Visa,577,392,66
342,2024-02-17,5,Visa,183,650,225
343,2024-03-22,4,Amex,682,950,6
344,2024-05-02,3,Amex,604,153,351
345,2024-02-26,5,Visa,570,86,128
346,2024-05-26,2,MasterCard,185,762,99
347,2024-06-21,1,Discover,194,75,443
348,2024-09-27,3,MasterCard,643,75,407
349,2024-03-31,1,Discover,415,792,143
350,2024-10-25,1,Discover,67,613,23
351,2024-02-17,5,MasterCard,436,452,451
352,2024-12-01,1,Discover,737,986,401
353,2024-02-14,2,MasterCard,66,145,305
354,2024-04-29,2,Discover,129,340,231
355,2024-03-23,1,Discover,674,423,442
356,2024-09-14,5,Discover,469,547,93
357,2024-09-20,2,Amex,622,972,310
358,2024-06-28,1,Visa,277,927,112
359,2024-10-17,2,Amex,328,37,134
360,2024-11-03,1,MasterCard,598,445,345
361,2024-11-30,5,Amex,554,818,419
362,2024-04-15,5,Discover,552,122,442
363,2024-10-16,4,Discover,68,577,70
364,2024-05-27,5,Visa,352,25,232
365,2024-09-30,5,Amex,414,450,268
366,2024-08-10,4,Amex,620,943,143
367,2024-01-07,2,Amex,79,297,405
368,2024-08-15,3,Discover,107,197,56
369,2024-08-14,2,MasterCard,599,976,329
370,2024-06-09,4,Discover,736,716,118
371,2024-08-03,3,Visa,699,693,487
372,2024-05-05,5,Discover,422,655,206
373,2024-01-26,3,Discover,202,524,367
374,2024-05-30,2,MasterCard,678,776,301
375,2024-02-11,3,Discover,316,105,134
376,2024-03-03,4,Visa,14,984,485
377,2024-09-16,2,MasterCard,658,17,299
378,2024-04-18,5,MasterCard,420,759,169
379,2024-07-08,4,Visa,497,655,20
380,2024-09-02,2,Discover,217,925,59
381,2024-01-16,3,Discover,344,569,117
382,2024-06-04,5,Visa,373,858,330
383,2024-09-29,1,Discover,676,422,495
384,2024-01-31,2,Discover,136,275,332
385,2024-09-19,3,Discover,732,936,206
386,2024-05-16,1,MasterCard,640,713,35
387,2024-05-24,3,Amex,334,765,279
388,2024-07-29,5,MasterCard,181,762,440
389,2024-08-23,3,Amex,724,544,114
390,2024-04-27,2,Visa,355,716,382
391,2024-11-01,4,Visa,120,515,251
392,2024-11-04,5,Amex,77,941,124
393,2024-05-15,3,MasterCard,381,359,352
394,2024-07-03,3,Visa,489,613,463
395,2024-06-08,5,MasterCard,340,756,84
396,2024-07-29,4,Visa,233,978,325
397,2024-01-09,1,Discover,350,132,355
398,2024-07-21,5,Visa,688,254,51
399,2024-01-18,4,Amex,723,961,365
400,2024-04-05,5,MasterCard,562,788,127
401,2024-09-08,1,Amex,406,19,425
402,2024-05-10,3,Amex,207,253,33
403,2024-03-04,5,Amex,709,217,94
404,2024-06-13,4,Amex,446,76,453
405,2024-02-28,1,Amex,271,658,389
406,2024-04-08,5,Discover,29,3,167
407,2024-04-05,3,Visa,677,613,59
408,2024-04-19,1,MasterCard,325,276,157
409,2024-12-09,4,Visa,577,229,9
410,2024-11-21,4,Amex,57,298,93
411,2024-08-05,5,Discover,480,851,13
412,2024-08-01,2,Discover,593,655,333
413,2024-11-22,2,Discover,541,752,338
414,2024-01-07,2,MasterCard,279,921,472
415,2024-10-01,1,Discover,449,390,108
416,2024-06-20,4,Visa,431,31,475
417,2024-10-29,1,MasterCard,394,355,343
418,2024-11-17,2,Amex,611,556,451
419,2024-05-21,3,Discover,646,815,403
420,2024-07-25,1,Amex,309,630,500
421,2024-05-14,5,Visa,644,469,353
422,2024-11-21,2,Visa,23,304,347
423,2024-08-23,4,MasterCard,4,526,10
424,2024-08-27,3,Discover,268,351,36
425,2024-06-22,3,Amex,7,403,471
426,2024-09-12,4,Amex,44,259,497
427,2024-11-12,1,Discover,605,784,465
428,2024-04-21,3,MasterCard,672,795,322
429,2024-09-26,3,MasterCard,380,512,271
430,2024-10-29,4,Visa,476,425,2
431,2024-12-02,4,Amex,32,784,174
432,2024-05-29,1,Amex,435,617,422
433,2024-05-12,2,Visa,691,429,150
434,2024-06-15,1,Discover,343,644,325
435,2024-09-10,5,Amex,72,466,12
436,2024-06-08,1,Visa,366,331,235
437,2024-05-04,2,Discover,78,997,339
438,2024-07-06,2,Visa,300,50,469
439,2024-10-05,4,Discover,468,394,450
440,2024-09-17,4,Amex,364,227,402
441,2024-06-18,2,Visa,484,889,201
442,2024-10-29,5,Discover,319,769,156
443,2024-02-09,4,MasterCard,429,86,36
444,2024-10-31,5,Discover,49,153,307
445,2024-07-04,5,Amex,56,417,276
446,2024-08-31,3,Discover,137,780,257
447,2024-02-26,5,Amex,630,490,355
448,2024-07-10,3,MasterCard,186,368,120
449,2024-07-24,2,Visa,291,51,307
450,2024-02-19,4,Visa,195,282,416
451,2024-10-06,2,MasterCard,680,347,498
452,2024-10-22,2,Visa,366,889,450
453,2024-03-28,4,Amex,449,947,339
454,2024-07-19,3,Amex,102,751,339
455,2024-04-21,5,Amex,318,483,469
456,2024-06-12,3,Discover,265,186,463
457,2024-04-06,4,Amex,366,110,139
458,2024-05-15,5,Amex,104,846,164
459,2024-06-10,2,Visa,455,395,100
460,2024-07-08,4,Visa,747,478,457
461,2024-02-11,3,MasterCard,405,93,12
462,2024-06-14,3,Discover,240,154,122
463,2024-03-17,4,Visa,308,142,187
464,2024-10-18,1,Amex,453,465,255
465,2024-02-24,4,Visa,681,591,210
466,2024-03-20,3,Amex,734,423,453
467,2024-09-03,2,Amex,255,396,412
468,2024-07-05,1,Visa,568,476,445
469,2024-01-24,4,Visa,363,875,484
470,2024-01-27,5,Discover,327,891,214
471,2024-09-15,1,Visa,561,787,254
472,2024-08-28,4,Visa,390,788,347
473,2024-07-26,3,MasterCard,351,896,450
474,2024-05-18,1,Discover,323,533,194
475,2024-02-06,1,Discover,558,1000,33
476,2024-06-10,5,Visa,99,954,204
477,2024-07-05,1,MasterCard,386,391,395
478,2024-09-14,5,Amex,747,471,17
479,2024-06-30,5,Amex,647,989,400
480,2024-07-17,2,MasterCard,717,192,283
481,2024-08-12,1,Discover,324,782,496
482,2024-09-16,3,Discover,374,81,364
483,2024-03-31,3,Discover,48,157,245
484,2024-09-01,3,MasterCard,25,131,399
485,2024-02-03,2,MasterCard,609,566,351
486,2024-11-20,2,Visa,612,532,252
487,2024-04-06,3,Visa,70,673,319
488,2024-12-02,2,Amex,419,924,60
489,2024-04-11,5,Discover,674,510,237
490,2024-06-14,1,MasterCard,295,604,348
491,2024-05-01,3,MasterCard,135,708,198
492,2024-03-06,4,Visa,311,336,330
493,2024-01-01,5,Amex,669,824,155
494,2024-04-28,4,Visa,258,187,390
495,2024-05-23,2,Amex,301,970,247
496,2024-05-23,3,Visa,489,485,315
497,2024-08-05,4,Visa,46,508,112
498,2024-11-24,2,Visa,158,836,31
499,2024-02-11,1,Amex,80,800,91
500,2024-09-28,3,Visa,292,432,422
501,2024-08-14,2,MasterCard,519,373,138
502,2024-07-27,5,Amex,257,821,192
503,2024-01-30,3,Amex,740,515,89
504,2024-10-15,2,Visa,564,455,219
505,2024-09-16,1,Discover,580,713,350
506,2024-02-17,2,Visa,292,229,310
507,2024-05-08,2,Amex,298,759,436
508,2024-08-27,5,Amex,200,516,108
509,2024-08-25,5,Amex,473,652,46
510,2024-04-18,2,Visa,603,473,302
511,2024-06-22,2,Discover,233,35,357
512,2024-04-12,2,Amex,34,907,475
513,2024-09-18,4,Discover,499,61,230
514,2024-05-14,2,Amex,82,415,471
515,2024-04-18,4,Discover,231,620,197
516,2024-09-30,3,MasterCard,74,322,18
517,2024-08-03,5,Visa,130,368,113
518,2024-06-16,1,Amex,108,662,403
519,2024-01-23,4,Amex,440,112,53
520,2024-04-18,4,MasterCard,704,807,487
521,2024-09-21,4,Amex,501,43,57
522,2024-06-28,3,Amex,247,309,351
523,2024-02-06,5,Visa,260,224,426
524,2024-04-10,5,MasterCard,305,367,19
525,2024-01-16,1,Discover,543,130,404
526,2024-08-31,2,Discover,463,742,282
527,2024-05-03,3,Visa,395,607,293
528,2024-02-19,3,Visa,742,614,235
529,2024-12-02,5,Discover,559,281,439
530,2024-10-02,3,Visa,400,355,98
531,2024-02-28,2,MasterCard,714,289,374
532,2024-03-04,1,MasterCard,274,85,372
533,2024-01-02,5,MasterCard,442,355,198
534,2024-01-12,2,Amex,538,649,434
535,2024-11-24,3,Discover,118,540,242
536,2024-05-18,1,MasterCard,597,497,365
537,2024-03-11,4,MasterCard,687,425,364
538,2024-07-04,3,Discover,45,477,64
539,2024-02-04,5,MasterCard,179,563,268
540,2024-10-09,5,Visa,298,410,11
541,2024-09-06,4,Visa,219,822,295
542,2024-06-21,1,Discover,683,869,269
543,2024-09-02,3,Visa,452,845,280
544,2024-02-16,1,Amex,175,628,447
545,2024-05-16,2,Discover,425,217,41
546,2024-02-22,4,Amex,205,454,176
547,2024-07-31,3,Discover,590,114,397
548,2024-07-30,1,Visa,499,459,118
549,2024-07-24,4,Amex,397,78,113
550,2024-09-13,2,Visa,616,9,367
551,2024-04-19,5,Discover,293,113,368
552,2024-06-12,1,Amex,710,456,12
553,2024-06-25,4,Discover,673,579,186
554,2024-11-06,1,Amex,257,515,27
555,2024-03-26,1,MasterCard,653,946,117
556,2024-02-24,2,Amex,657,276,482
557,2024-09-28,4,Amex,652,686,452
558,2024-06-26,2,Discover,530,126,366
559,2024-07-26,1,MasterCard,296,975,368
560,2024-07-21,4,Discover,93,380,170
561,2024-02-12,3,MasterCard,412,924,269
562,2024-10-26,2,Discover,451,694,409
563,2024-04-26,5,Amex,143,579,155
564,2024-06-24,3,Visa,728,814,276
565,2024-10-04,2,MasterCard,86,918,333
566,2024-05-18,5,Amex,533,573,180
567,2024-05-11,4,Discover,35,78,500
568,2024-08-18,5,Discover,99,834,102
569,2024-06-01,1,Discover,517,106,69
570,2024-03-15,3,Amex,523,141,276
571,2024-04-18,2,MasterCard,19,204,282
572,2024-10-16,5,MasterCard,269,265,45
573,2024-05-17,4,Discover,736,261,210
574,2024-04-09,3,Amex,490,235,346
575,2024-05-12,2,MasterCard,396,388,99
576,2024-04-13,1,MasterCard,331,883,369
577,2024-05-08,3,Visa,7,172,316
578,2024-07-21,5,Amex,164,372,386
579,2024-10-19,3,Discover,194,687,30
580,2024-01-01,1,Amex,716,904,274
581,2024-05-14,3,Discover,65,824,386
582,2024-09-20,2,Discover,10,534,68
583,2024-08-18,5,Amex,17,616,248
584,2024-06-11,1,Amex,728,127,485
585,2024-11-09,1,MasterCard,428,99,443
586,2024-01-11,2,Amex,659,784,176
587,2024-02-12,4,Amex,370,179,456
588,2024-08-13,5,Amex,187,183,237
589,2024-09-21,5,Visa,58,768,131
590,2024-03-08,3,Amex,28,898,80
591,2024-04-08,5,Amex,16,190,204
592,2024-05-01,4,MasterCard,199,342,175
593,2024-04-23,4,Visa,42,335,294
594,2024-02-01,4,MasterCard,28,454,398
595,2024-03-28,3,Amex,650,495,109
596,2024-10-01,2,MasterCard,491,632,98
597,2024-02-09,1,Amex,569,552,184
598,2024-07-26,2,Discover,551,121,17
599,2024-11-30,4,Visa,201,237,342
600,2024-07-20,4,Amex,595,258,497
601,2024-09-12,4,Amex,445,85,350
602,2024-07-04,4,Visa,50,553,82
603,2024-06-20,5,Discover,572,361,437
604,2024-12-09,3,Amex,467,500,222
605,2024-04-28,4,MasterCard,101,718,96
606,2024-10-26,1,MasterCard,668,245,393
607,2024-01-11,1,MasterCard,305,823,86
608,2024-08-24,1,MasterCard,602,198,125
609,2024-04-14,4,Visa,736,855,282
610,2024-09-20,5,Discover,689,3,267
611,2024-07-22,4,Discover,43,798,53
612,2024-01-24,5,Visa,53,304,388
613,2024-05-07,3,Discover,483,693,327
614,2024-03-21,5,Visa,536,273,90
615,2024-04-14,3,Amex,405,215,232
616,2024-11-16,4,MasterCard,727,937,215
617,2024-02-20,2,Amex,563,754,52
618,2024-06-05,2,Discover,337,486,251
619,2024-02-18,3,Discover,485,947,246
620,2024-11-22,2,MasterCard,33,712,492
621,2024-04-21,5,Amex,592,851,367
622,2024-12-03,2,Discover,209,991,71
623,2024-09-30,3,Discover,411,919,215
624,2024-03-15,1,Visa,27,495,440
625,2024-01-17,1,Amex,443,349,319
626,2024-02-12,2,Discover,128,616,455
627,2024-02-23,5,MasterCard,54,884,87
628,2024-10-04,4,Visa,518,688,310
629,2024-10-12,3,Visa,521,568,246
630,2024-09-02,1,Discover,735,814,181
631,2024-07-21,3,MasterCard,629,207,238
632,2024-03-23,5,Visa,733,915,184
633,2024-11-01,2,Visa,413,244,317
634,2024-04-07,4,Discover,468,491,154
635,2024-03-01,5,Visa,641,858,129
636,2024-09-15,3,Discover,249,232,96
637,2024-07-18,2,MasterCard,587,648,428
638,2024-07-04,3,Visa,101,698,31
639,2024-04-26,5,Visa,679,170,122
640,2024-04-14,3,MasterCard,276,273,269
641,2024-02-24,2,Visa,433,513,287
642,2024-09-06,5,Visa,731,365,240
643,2024-06-03,4,MasterCard,569,454,92
644,2024-02-28,5,MasterCard,214,47,90
645,2024-10-09,3,MasterCard,76,339,348
646,2024-03-09,5,MasterCard,297,725,465
647,2024-01-19,5,Discover,307,801,424
648,2024-06-09,3,Amex,155,61,447
649,2024-07-17,5,Discover,496,526,488
650,2024-03-17,2,Visa,182,698,317
651,2024-08-09,1,Discover,586,712,93
652,2024-08-14,4,MasterCard,184,967,474
653,2024-04-26,5,Amex,117,82,158
654,2024-11-17,2,Visa,542,666,189
655,2024-02-22,1,Visa,60,976,150
656,2024-09-04,5,MasterCard,60,616,146
657,2024-07-31,3,Amex,160,774,292
658,2024-07-30,3,Visa,742,441,195
659,2024-11-17,2,Amex,430,180,15
660,2024-07-07,2,MasterCard,389,648,446
661,2024-10-29,3,Amex,210,838,307
662,2024-02-20,5,MasterCard,112,935,42
663,2024-01-23,4,Amex,719,460,485
664,2024-11-25,2,Visa,387,53,290
665,2024-01-29,5,Visa,384,127,450
666,2024-04-05,2,Amex,55,999,168
667,2024-12-04,2,Amex,1,540,281
668,2024-07-13,5,Visa,458,409,204
669,2024-10-02,5,Amex,498,596,102
670,2024-08-11,1,MasterCard,515,869,232
671,2024-09-26,4,Visa,164,21,137
672,2024-06-09,3,Discover,454,75,50
673,2024-09-24,2,MasterCard,486,927,407
674,2024-05-10,2,Amex,14,322,230
675,2024-12-04,4,MasterCard,106,371,212
676,2024-04-12,5,MasterCard,578,549,93
677,2024-02-04,5,Discover,462,826,190
678,2024-11-26,5,Visa,577,823,145
679,2024-03-16,2,Discover,84,163,495
680,2024-02-20,2,MasterCard,162,152,83
681,2024-05-23,5,Visa,664,743,171
682,2024-12-02,3,Discover,381,897,40
683,2024-10-30,5,Discover,81,894,380
684,2024-09-04,3,Discover,557,60,232
685,2024-03-31,1,Amex,474,579,353
686,2024-04-26,3,Visa,661,625,209
687,2024-02-09,3,Visa,448,225,490
688,2024-09-08,2,Discover,400,973,54
689,2024-02-29,2,MasterCard,254,13,436
690,2024-08-17,3,Amex,77,225,104
691,2024-04-13,2,Visa,706,136,465
692,2024-04-13,3,Amex,641,547,438
693,2024-09-21,3,Discover,613,208,403
694,2024-01-23,5,MasterCard,40,739,258
695,2024-10-10,3,MasterCard,498,116,94
696,2024-01-10,2,MasterCard,401,418,345
697,2024-01-21,5,Amex,42,949,338
698,2024-01-20,4,MasterCard,379,991,371
699,2024-02-28,5,Amex,383,46,154
700,2024-01-01,1,Amex,544,551,467
701,2024-06-08,4,Visa,273,754,70
702,2024-11-04,3,Visa,123,685,5
703,2024-08-04,5,MasterCard,510,757,273
704,2024-04-16,5,Amex,278,240,63
705,2024-05-16,1,Visa,707,579,324
706,2024-07-29,2,Visa,243,484,46
707,2024-10-08,1,Discover,634,962,171
708,2024-12-08,4,Amex,690,458,205
709,2024-04-14,4,Visa,594,392,120
710,2024-06-25,2,Amex,177,231,348
711,2024-11-11,1,Discover,220,721,181
712,2024-02-09,2,Visa,151,913,74
713,2024-05-29,5,MasterCard,722,367,371
714,2024-11-04,5,Visa,391,132,335
715,2024-10-07,3,MasterCard,448,165,199
716,2024-03-22,4,MasterCard,485,57,16
717,2024-07-12,5,MasterCard,109,980,42
718,2024-01-22,3,Visa,184,767,16
719,2024-07-10,1,Visa,165,892,89
720,2024-03-06,1,MasterCard,178,525,337
721,2024-07-14,3,MasterCard,509,867,253
722,2024-04-26,1,Amex,142,224,262
723,2024-07-14,2,MasterCard,22,986,469
724,2024-10-19,4,Amex,195,168,223
725,2024-02-08,2,Discover,249,500,41
726,2024-07-07,2,MasterCard,597,11,94
727,2024-03-26,5,Visa,394,215,21
728,2024-10-07,4,MasterCard,128,622,46
729,2024-02-18,3,Discover,254,893,432
730,2024-09-15,3,Visa,248,960,78
731,2024-01-20,3,Amex,152,537,498
732,2024-04-25,2,MasterCard,575,71,341
733,2024-10-17,4,Visa,362,336,63
734,2024-02-13,5,MasterCard,359,320,45
735,2024-10-11,5,Discover,38,101,326
736,2024-02-01,1,MasterCard,275,852,152
737,2024-11-09,4,MasterCard,18,109,97
738,2024-03-22,3,Discover,350,826,324
739,2024-09-17,5,Visa,364,305,254
740,2024-04-21,4,Amex,524,899,175
741,2024-06-24,3,MasterCard,688,203,328
742,2024-05-21,1,Visa,272,411,367
743,2024-06-03,4,MasterCard,662,956,486
744,2024-09-25,1,Visa,493,540,140
745,2024-11-06,3,Discover,697,929,318
746,2024-10-17,3,Visa,475,688,306
747,2024-10-09,3,Discover,150,89,156
748,2024-03-20,2,Discover,333,755,316
749,2024-05-05,2,MasterCard,591,585,269
750,2024-02-24,3,Amex,15,857,15
751,2024-03-19,5,Amex,401,480,222
752,2024-11-15,4,Amex,457,961,181
753,2024-09-14,1,MasterCard,126,837,3
754,2024-06-24,4,Amex,540,830,332
755,2024-04-12,3,MasterCard,654,758,190
756,2024-10-07,2,Amex,36,93,291
757,2024-02-13,4,Visa,121,820,359
758,2024-01-02,4,Discover,573,688,78
759,2024-10-18,5,Discover,513,73,399
760,2024-03-26,4,Amex,154,749,10
761,2024-03-18,3,Amex,416,376,22
762,2024-09-12,1,MasterCard,456,576,488
763,2024-09-14,2,Amex,651,918,368
764,2024-02-18,5,Amex,330,655,414
765,2024-10-18,4,MasterCard,380,58,237
766,2024-10-30,5,Discover,9,551,374
767,2024-05-21,1,Discover,723,429,102
768,2024-09-29,4,Amex,230,870,361
769,2024-03-24,5,Amex,743,848,41
770,2024-09-15,1,Amex,353,887,272
771,2024-05-05,1,MasterCard,252,606,149
772,2024-05-11,5,Amex,242,304,466
773,2024-02-18,4,MasterCard,241,358,208
774,2024-11-27,4,MasterCard,626,476,134
775,2024-08-15,4,Amex,261,631,27
776,2024-01-30,5,Discover,493,127,204
777,2024-03-03,3,MasterCard,159,771,418
778,2024-10-23,5,MasterCard,281,637,370
779,2024-04-23,4,Visa,3,296,156
780,2024-11-30,1,Amex,236,256,211
781,2024-01-24,3,Discover,723,776,421
782,2024-06-28,2,Amex,398,533,152
783,2024-05-28,4,MasterCard,304,552,482
784,2024-10-02,4,Amex,157,564,255
785,2024-02-08,1,Visa,508,36,270
786,2024-02-22,3,Discover,173,223,42
787,2024-10-15,2,Visa,531,790,149
788,2024-09-23,4,MasterCard,143,29,31
789,2024-02-23,5,MasterCard,378,979,142
790,2024-10-30,4,Amex,667,459,3
791,2024-01-11,5,Visa,525,608,124
792,2024-05-11,4,MasterCard,656,984,46
793,2024-08-15,5,Amex,739,928,187
794,2024-05-08,1,Visa,690,813,157
795,2024-04-15,4,Discover,337,920,409
796,2024-10-29,4,Discover,102,147,393
797,2024-12-09,1,Amex,301,705,358
798,2024-06-28,5,Discover,583,636,82
799,2024-11-06,5,Amex,581,540,162
800,2024-01-05,5,Visa,343,800,402
801,2024-05-16,2,Visa,61,345,344
802,2024-07-05,5,MasterCard,500,994,324
803,2024-03-30,4,Visa,48,653,223
804,2024-08-16,2,Visa,20,728,202
805,2024-10-13,3,MasterCard,684,567,417
806,2024-09-05,1,Discover,24,882,397
807,2024-09-12,2,MasterCard,695,146,168
808,2024-06-06,5,MasterCard,281,395,56
809,2024-01-12,4,Discover,304,755,195
810,2024-09-09,4,Visa,184,586,326
811,2024-10-06,5,Visa,177,846,286
812,2024-05-05,4,Discover,634,349,469
813,2024-01-01,3,MasterCard,371,700,359
814,2024-02-02,1,Discover,356,379,145
815,2024-04-30,3,Amex,274,956,228
816,2024-06-27,2,MasterCard,459,679,40
817,2024-01-19,3,Visa,733,138,370
818,2024-07-19,5,MasterCard,584,365,386
819,2024-01-16,3,Amex,645,645,283
820,2024-08-22,3,Visa,64,328,496
821,2024-02-28,2,Discover,346,242,137
822,2024-05-31,1,Discover,303,605,460
823,2024-03-10,2,Discover,623,530,156
824,2024-03-11,5,Discover,208,679,182
825,2024-08-06,1,Visa,711,395,311
826,2024-06-11,2,Visa,90,813,257
827,2024-06-22,2,MasterCard,618,658,164
828,2024-06-06,4,MasterCard,313,69,468
829,2024-03-13,2,Visa,105,224,36
830,2024-05-13,3,MasterCard,477,357,27
831,2024-05-06,5,MasterCard,419,596,104
832,2024-05-15,1,MasterCard,600,248,218
833,2024-02-06,3,Visa,62,238,184
834,2024-11-06,5,Discover,416,996,288
835,2024-03-25,4,MasterCard,349,179,34
836,2024-02-05,5,Discover,582,351,64
837,2024-11-06,2,Discover,172,235,469
838,2024-04-21,5,Discover,368,834,130
839,2024-11-02,5,Visa,84,203,474
840,2024-01-30,3,Discover,492,586,19
841,2024-08-25,3,MasterCard,132,830,469
842,2024-06-02,1,MasterCard,119,764,86
843,2024-02-25,2,Visa,697,862,45
844,2024-01-07,5,Discover,144,651,440
845,2024-07-23,1,MasterCard,273,536,193
846,2024-09-13,2,MasterCard,383,200,34
847,2024-10-11,3,Discover,638,157,122
848,2024-10-23,3,Amex,288,889,439
849,2024-08-11,4,Discover,633,280,153
850,2024-12-07,4,MasterCard,402,316,51
851,2024-08-22,5,MasterCard,153,173,306
852,2024-09-03,3,MasterCard,468,498,482
853,2024-06-06,1,Amex,474,602,397
854,2024-10-19,2,Amex,580,231,205
855,2024-03-12,2,Visa,338,406,233
856,2024-10-18,4,Amex,432,125,153
857,2024-01-12,4,MasterCard,124,507,311
858,2024-09-07,4,MasterCard,556,476,399
859,2024-03-25,4,MasterCard,174,816,86
860,2024-06-11,5,Visa,113,191,486
861,2024-07-04,1,Visa,541,437,190
862,2024-10-20,2,Visa,288,694,63
863,2024-01-13,5,Amex,299,663,59
864,2024-03-15,4,Visa,215,321,299
865,2024-02-28,4,MasterCard,242,936,73
866,2024-08-26,5,Visa,170,339,428
867,2024-08-11,4,Discover,596,717,231
868,2024-11-15,5,Discover,483,983,498
869,2024-04-03,4,MasterCard,649,643,313
870,2024-10-27,1,Amex,501,582,126
871,2024-09-21,4,MasterCard,24,486,210
872,2024-01-24,3,Amex,663,19,224
873,2024-03-13,5,Amex,174,828,194
874,2024-09-16,1,Amex,434,68,329
875,2024-02-01,1,Discover,484,357,268
876,2024-01-20,1,MasterCard,463,418,394
877,2024-05-15,1,Discover,418,760,17
878,2024-09-23,1,Amex,559,715,221
879,2024-07-16,2,MasterCard,9,745,337
880,2024-08-22,1,Amex,23,894,11
881,2024-03-12,4,Visa,660,567,388
882,2024-03-15,5,Visa,452,65,378
883,2024-09-08,4,MasterCard,671,99,402
884,2024-01-06,2,Visa,229,780,460
885,2024-07-19,3,Amex,466,653,307
886,2024-07-27,1,Visa,390,206,13
887,2024-11-29,5,MasterCard,38,286,87
888,2024-04-08,5,Visa,192,389,77
889,2024-03-25,2,MasterCard,102,325,262
890,2024-11-30,1,Amex,109,592,32
891,2024-01-08,4,Visa,225,777,273
892,2024-04-18,3,Visa,567,940,265
893,2024-03-26,2,Discover,585,935,137
894,2024-09-19,4,Discover,141,647,199
895,2024-04-11,4,MasterCard,443,557,244
896,2024-11-21,4,Amex,393,525,422
897,2024-05-01,4,Amex,426,748,26
898,2024-11-17,4,Amex,666,899,457
899,2024-10-30,5,MasterCard,172,875,487
900,2024-07-25,5,Visa,197,535,55
901,2024-09-20,1,Amex,262,356,107
902,2024-08-22,1,Visa,226,748,320
903,2024-07-28,1,Discover,337,533,349
904,2024-07-21,3,Amex,39,720,125
905,2024-04-23,1,MasterCard,91,529,139
906,2024-05-31,3,Discover,6,637,457
907,2024-08-07,5,Amex,95,184,443
908,2024-06-24,5,Discover,399,437,255
909,2024-04-30,4,MasterCard,2,324,61
910,2024-07-21,3,Visa,290,91,240
911,2024-01-31,4,Visa,526,852,245
912,2024-05-06,1,MasterCard,534,240,274
913,2024-03-05,1,MasterCard,701,945,207
914,2024-02-28,4,Amex,222,207,420
915,2024-12-08,4,Discover,92,309,326
916,2024-08-16,5,Amex,241,279,64
917,2024-09-12,4,Amex,502,826,1
918,2024-10-21,1,Visa,447,449,498
919,2024-03-06,1,Discover,382,446,207
920,2024-12-09,1,Discover,533,90,179
921,2024-09-27,1,Discover,537,741,297
922,2024-06-22,4,Visa,588,442,311
923,2024-03-21,5,Amex,345,178,140
924,2024-09-05,1,Discover,154,953,168
925,2024-09-26,1,Visa,48,948,173
926,2024-03-31,5,MasterCard,481,350,475
927,2024-05-13,5,Amex,136,14,42
928,2024-05-04,3,Amex,148,61,119
929,2024-03-17,5,Discover,528,770,179
930,2024-01-03,2,Amex,656,943,251
931,2024-11-03,5,Amex,81,931,25
932,2024-09-30,5,MasterCard,8,907,299
933,2024-01-29,3,Visa,465,246,257
934,2024-09-11,3,MasterCard,415,204,162
935,2024-03-03,3,Discover,69,802,231
936,2024-05-22,5,Amex,286,986,270
937,2024-09-21,4,Amex,52,934,212
938,2024-06-17,1,Discover,549,330,461
939,2024-02-05,3,MasterCard,715,863,473
940,2024-11-01,1,Visa,472,991,327
941,2024-04-03,4,Amex,3,778,80
942,2024-01-09,2,Visa,103,244,6
943,2024-07-03,2,Visa,13,789,194
944,2024-08-29,5,Discover,246,780,54
945,2024-11-07,3,Amex,215,883,173
946,2024-07-18,2,Discover,423,719,84
947,2024-09-27,4,Amex,529,690,261
948,2024-07-06,1,MasterCard,369,564,18
949,2024-01-02,1,Discover,520,145,201
950,2024-09-17,2,Visa,168,147,295
951,2024-01-04,4,Discover,471,136,398
952,2024-09-26,3,Visa,53,228,52
953,2024-04-19,3,Amex,314,750,305
954,2024-06-09,5,Amex,326,334,244
955,2024-06-27,2,Discover,232,816,351
956,2024-01-06,5,Discover,206,209,69
957,2024-01-30,1,Visa,289,517,65
958,2024-02-17,3,Amex,111,930,198
959,2024-10-08,3,Amex,478,891,192
960,2024-04-09,4,Visa,612,300,25
961,2024-06-27,3,Visa,630,613,363
962,2024-06-03,3,Discover,23,23,321
963,2024-03-14,5,Discover,26,455,250
964,2024-01-20,4,Amex,171,17,37
965,2024-03-02,3,MasterCard,547,552,249
966,2024-05-17,4,Discover,677,581,375
967,2024-09-23,1,MasterCard,689,208,5
968,2024-01-06,4,MasterCard,30,948,194
969,2024-03-17,1,Amex,741,169,199
970,2024-09-21,2,Visa,142,812,254
971,2024-07-28,5,MasterCard,651,822,184
972,2024-07-07,3,MasterCard,44,664,412
973,2024-11-23,2,MasterCard,615,89,382
974,2024-07-25,3,Discover,615,219,326
975,2024-09-01,4,Visa,263,387,135
976,2024-04-10,1,Amex,298,380,35
977,2024-06-22,2,Visa,495,464,334
978,2024-03-07,1,MasterCard,721,917,375
979,2024-03-28,2,Amex,729,887,446
980,2024-03-08,2,MasterCard,514,264,258
981,2024-01-21,5,Amex,375,312,154
982,2024-01-24,2,Discover,449,561,54
983,2024-07-01,3,MasterCard,744,563,462
984,2024-07-31,5,Discover,212,50,260
985,2024-12-04,5,Discover,505,140,41
986,2024-01-06,3,Discover,461,80,151
987,2024-02-10,1,Amex,637,272,490
988,2024-07-20,5,Discover,253,904,469
989,2024-04-14,4,Discover,703,990,266
990,2024-04-07,3,Amex,143,653,339
991,2024-01-23,1,MasterCard,639,960,279
992,2024-04-26,3,Visa,671,962,336
993,2024-12-03,3,MasterCard,196,423,318
994,2024-07-13,2,MasterCard,59,707,478
995,2024-07-28,1,Visa,563,316,449
996,2024-12-08,5,MasterCard,161,143,385
997,2024-05-27,1,MasterCard,553,363,284
998,2024-01-12,3,Discover,334,760,422
999,2024-09-08,4,Visa,476,210,31
1000,2024-03-28,4,Amex,310,560,475
